epoch,step,test/circuit,test/contrastive,test/graph,test/reconstruction,test/total,train/kl_epoch,train/kl_step,train/mse_diag_epoch,train/mse_diag_step,train/nll_epoch,train/nll_step,train/total_epoch,train/total_step,val/kl,val/mse_diag,val/nll,val/total
0,9,,,,,,,0.01734906993806362,,1.4603809118270874,,69.8020248413086,,69.80204010009766,,,,
0,19,,,,,,,0.01734744757413864,,1.3781654834747314,,67.90739440917969,,67.90740966796875,,,,
0,29,,,,,,,0.033978283405303955,,1.3524385690689087,,66.59053802490234,,66.59056854248047,,,,
0,39,,,,,,,0.11948738992214203,,1.2537680864334106,,65.9889907836914,,65.9891128540039,,,,
0,49,,,,,,,0.5079338550567627,,1.2718613147735596,,65.0605697631836,,65.06108093261719,,,,
0,57,,,,,,,,,,,,,,0.8139714002609253,1.03119957447052,62.732383728027344,62.732383728027344
0,57,,,,,,0.1702747344970703,,1.3018293380737305,,66.96426391601562,,66.96443176269531,,,,,
1,59,,,,,,,0.8444766402244568,,1.311968207359314,,66.08767700195312,,66.08936309814453,,,,
1,69,,,,,,,1.0712285041809082,,0.976543664932251,,61.84955978393555,,61.85170364379883,,,,
1,79,,,,,,,1.241573691368103,,1.1471656560897827,,64.15463256835938,,64.15711212158203,,,,
1,89,,,,,,,1.3271228075027466,,1.0926426649093628,,62.32004165649414,,62.322696685791016,,,,
1,99,,,,,,,1.393263339996338,,1.0790661573410034,,62.89609146118164,,62.89887619018555,,,,
1,109,,,,,,,1.4401246309280396,,1.0260802507400513,,60.701053619384766,,60.70393371582031,,,,
1,115,,,,,,,,,,,,,,1.499987006187439,1.0192452669143677,62.11112594604492,62.11112594604492
1,115,,,,,,1.253142237663269,,1.097377061843872,,62.833560943603516,,62.836055755615234,,,,,
2,119,,,,,,,1.4784990549087524,,1.2561551332473755,,64.52273559570312,,64.52716827392578,,,,
2,129,,,,,,,1.5279054641723633,,1.0993317365646362,,62.53827667236328,,62.54286193847656,,,,
2,139,,,,,,,1.5624010562896729,,1.0342429876327515,,61.06613540649414,,61.070823669433594,,,,
2,149,,,,,,,1.5909833908081055,,0.9626913666725159,,61.22504806518555,,61.229820251464844,,,,
2,159,,,,,,,1.6029362678527832,,0.9783831238746643,,61.7087287902832,,61.713539123535156,,,,
2,169,,,,,,,1.6211740970611572,,1.2202895879745483,,63.56167984008789,,63.56654357910156,,,,
2,173,,,,,,,,,,,,,,1.648788332939148,1.0008083581924438,61.550010681152344,61.550010681152344
2,173,,,,,,1.5678701400756836,,1.0834863185882568,,62.2698860168457,,62.27458572387695,,,,,
3,179,,,,,,,1.6389524936676025,,1.1933866739273071,,61.9716796875,,61.97823715209961,,,,
3,189,,,,,,,1.646759271621704,,1.1223500967025757,,63.18268585205078,,63.189273834228516,,,,
3,199,,,,,,,1.6656038761138916,,1.1387503147125244,,63.6812629699707,,63.68792724609375,,,,
3,209,,,,,,,1.6691648960113525,,1.099628210067749,,62.461063385009766,,62.46773910522461,,,,
3,219,,,,,,,1.648860216140747,,1.2035717964172363,,62.57985305786133,,62.586448669433594,,,,
3,229,,,,,,,1.6721247434616089,,0.9187783598899841,,59.88069534301758,,59.88738250732422,,,,
3,231,,,,,,,,,,,,,,1.7060272693634033,0.9932210445404053,61.59519958496094,61.59519958496094
3,231,,,,,,1.6552802324295044,,1.0839555263519287,,62.10774612426758,,62.114376068115234,,,,,
4,239,,,,,,,1.6647393703460693,,1.0588788986206055,,61.2064094543457,,61.2147331237793,,,,
4,249,,,,,,,1.6648077964782715,,1.142848253250122,,61.9547004699707,,61.9630241394043,,,,
4,259,,,,,,,1.657801628112793,,1.0685456991195679,,62.86109161376953,,62.869380950927734,,,,
4,269,,,,,,,1.6638529300689697,,1.0177628993988037,,62.259117126464844,,62.26743698120117,,,,
4,279,,,,,,,1.6408445835113525,,1.2375715970993042,,63.905967712402344,,63.9141731262207,,,,
4,289,,,,,,,1.651185393333435,,1.168276071548462,,62.44241714477539,,62.4506721496582,,,,
4,289,,,,,,,,,,,,,,1.7015128135681152,0.9871237277984619,61.39107894897461,61.39107894897461
4,289,,,,,,1.6565836668014526,,1.0856764316558838,,61.94343948364258,,61.951725006103516,,,,,
5,299,,,,,,,1.6328867673873901,,1.2245008945465088,,64.6109390258789,,64.62073516845703,,,,
5,309,,,,,,,1.6338787078857422,,1.0547431707382202,,61.5109748840332,,61.52077865600586,,,,
5,319,,,,,,,1.6100367307662964,,1.127160668373108,,63.33137130737305,,63.34103012084961,,,,
5,329,,,,,,,1.6389440298080444,,0.9956578016281128,,62.09341049194336,,62.10324478149414,,,,
5,339,,,,,,,1.59499192237854,,0.9840568900108337,,61.442047119140625,,61.45161819458008,,,,
5,347,,,,,,,,,,,,,,1.684674859046936,0.9801328182220459,61.14735794067383,61.14735794067383
5,347,,,,,,1.6309467554092407,,1.0853979587554932,,61.86939239501953,,61.87918472290039,,,,,
6,349,,,,,,,1.6391973495483398,,0.9702185988426208,,59.0711784362793,,59.0826530456543,,,,
6,359,,,,,,,1.5746383666992188,,1.4934186935424805,,65.13239288330078,,65.14341735839844,,,,
6,369,,,,,,,1.6604899168014526,,1.284932017326355,,63.02931594848633,,63.04093933105469,,,,
6,379,,,,,,,1.6005173921585083,,0.9953394532203674,,62.101863861083984,,62.113067626953125,,,,
6,389,,,,,,,1.631645917892456,,0.9318036437034607,,60.15480422973633,,60.16622543334961,,,,
6,399,,,,,,,1.6162898540496826,,1.0892773866653442,,62.169639587402344,,62.18095397949219,,,,
6,405,,,,,,,,,,,,,,1.6943600177764893,0.9809938073158264,61.82411193847656,61.82411193847656
6,405,,,,,,1.6203277111053467,,1.087754487991333,,61.772151947021484,,61.78349304199219,,,,,
7,409,,,,,,,1.615598201751709,,1.008307695388794,,61.33272171020508,,61.345645904541016,,,,
7,419,,,,,,,1.575772762298584,,1.1916835308074951,,63.49379348754883,,63.50640106201172,,,,
7,429,,,,,,,1.6062527894973755,,1.069701075553894,,60.82887649536133,,60.84172821044922,,,,
7,439,,,,,,,1.5679690837860107,,1.0773082971572876,,61.62721252441406,,61.63975524902344,,,,
7,449,,,,,,,1.5957615375518799,,1.0603216886520386,,60.52676773071289,,60.53953552246094,,,,
7,459,,,,,,,1.5729621648788452,,1.0560063123703003,,60.25624465942383,,60.268829345703125,,,,
7,463,,,,,,,,,,,,,,1.6651033163070679,0.977759838104248,61.73960876464844,61.73960876464844
7,463,,,,,,1.591240644454956,,1.096076488494873,,61.7767333984375,,61.78943634033203,,,,,
8,469,,,,,,,1.5804004669189453,,1.4258419275283813,,64.97949981689453,,64.99372100830078,,,,
8,479,,,,,,,1.6044793128967285,,1.0495595932006836,,60.197105407714844,,60.211544036865234,,,,
8,489,,,,,,,1.57761549949646,,1.3811001777648926,,64.44832611083984,,64.4625244140625,,,,
8,499,,,,,,,1.5824357271194458,,1.0172520875930786,,59.849388122558594,,59.86362838745117,,,,
8,509,,,,,,,1.5870656967163086,,0.997704029083252,,60.9589729309082,,60.9732551574707,,,,
8,519,,,,,,,1.6123772859573364,,1.047978401184082,,60.52372360229492,,60.53823471069336,,,,
8,521,,,,,,,,,,,,,,1.644384741783142,0.9725085496902466,61.10704803466797,61.10704803466797
8,521,,,,,,1.583221673965454,,1.0958925485610962,,61.53984451293945,,61.55406951904297,,,,,
9,529,,,,,,,1.560154914855957,,1.0654683113098145,,61.364036560058594,,61.379638671875,,,,
9,539,,,,,,,1.5495319366455078,,1.0702604055404663,,62.669708251953125,,62.685203552246094,,,,
9,549,,,,,,,1.5426698923110962,,1.1620569229125977,,62.448486328125,,62.46391296386719,,,,
9,559,,,,,,,1.6074886322021484,,1.0826209783554077,,62.12040710449219,,62.13648223876953,,,,
9,569,,,,,,,1.5862782001495361,,1.1546236276626587,,62.44192123413086,,62.45778274536133,,,,
9,579,,,,,,,1.6229875087738037,,1.0461490154266357,,60.548954010009766,,60.565185546875,,,,
9,579,,,,,,,,,,,,,,1.6342895030975342,0.9690377712249756,61.32323455810547,61.32323455810547
9,579,,,,,,1.5872761011123657,,1.1039454936981201,,61.580753326416016,,61.596641540527344,,,,,
10,589,,,,,,,1.613139271736145,,1.3724173307418823,,61.99293899536133,,62.009071350097656,,,,
10,599,,,,,,,1.5907268524169922,,0.9515061974525452,,59.26857376098633,,59.284481048583984,,,,
10,609,,,,,,,1.6239197254180908,,1.2011102437973022,,62.3786506652832,,62.39488983154297,,,,
10,619,,,,,,,1.559950590133667,,1.0728256702423096,,60.97957992553711,,60.99517822265625,,,,
10,629,,,,,,,1.5838251113891602,,0.9931997060775757,,59.897239685058594,,59.91307830810547,,,,
10,637,,,,,,,,,,,,,,1.6343984603881836,0.9675715565681458,61.323909759521484,61.323909759521484
10,637,,,,,,1.5953129529953003,,1.1097946166992188,,61.486656188964844,,61.502593994140625,,,,,
11,639,,,,,,,1.6116454601287842,,1.052674412727356,,60.144527435302734,,60.16064453125,,,,
11,649,,,,,,,1.59527587890625,,0.916062593460083,,59.133056640625,,59.149009704589844,,,,
11,659,,,,,,,1.6004811525344849,,1.0672513246536255,,60.413421630859375,,60.42942810058594,,,,
11,669,,,,,,,1.5621482133865356,,1.0914357900619507,,62.39883804321289,,62.414459228515625,,,,
11,679,,,,,,,1.6273977756500244,,1.0084422826766968,,59.07537078857422,,59.091644287109375,,,,
11,689,,,,,,,1.601442575454712,,0.9819127917289734,,60.24843978881836,,60.26445388793945,,,,
11,695,,,,,,,,,,,,,,1.6551216840744019,0.9680631756782532,61.11479568481445,61.11479568481445
11,695,,,,,,1.6124122142791748,,1.1143927574157715,,61.36783981323242,,61.38394546508789,,,,,
12,699,,,,,,,1.6513653993606567,,0.9643616676330566,,59.54231262207031,,59.5588264465332,,,,
12,709,,,,,,,1.672379970550537,,1.1776108741760254,,60.876834869384766,,60.893558502197266,,,,
12,719,,,,,,,1.6262019872665405,,1.200322151184082,,61.75066375732422,,61.76692581176758,,,,
12,729,,,,,,,1.6225850582122803,,1.025423288345337,,61.23488998413086,,61.25111770629883,,,,
12,739,,,,,,,1.6855049133300781,,1.1124986410140991,,61.70767593383789,,61.72452926635742,,,,
12,749,,,,,,,1.6703715324401855,,0.9320298433303833,,58.914554595947266,,58.93125915527344,,,,
12,753,,,,,,,,,,,,,,1.710453748703003,0.9705009460449219,61.201171875,61.201171875
12,753,,,,,,1.66005277633667,,1.119922399520874,,61.304161071777344,,61.32075881958008,,,,,
13,759,,,,,,,1.664055347442627,,1.0245347023010254,,60.97663116455078,,60.99327087402344,,,,
13,769,,,,,,,1.709653377532959,,1.2175296545028687,,62.5123405456543,,62.52943801879883,,,,
13,779,,,,,,,1.713310956954956,,1.1596646308898926,,62.580448150634766,,62.59757995605469,,,,
13,789,,,,,,,1.7314784526824951,,1.0848424434661865,,60.241310119628906,,60.25862503051758,,,,
13,799,,,,,,,1.6981642246246338,,1.133498191833496,,62.313724517822266,,62.33070755004883,,,,
13,809,,,,,,,1.7400588989257812,,1.128361701965332,,61.438316345214844,,61.45571517944336,,,,
13,811,,,,,,,,,,,,,,1.7037386894226074,0.9718610048294067,61.665016174316406,61.665016174316406
13,811,,,,,,1.7117871046066284,,1.126023530960083,,61.249080657958984,,61.266204833984375,,,,,
14,819,,,,,,,1.6975831985473633,,1.0739837884902954,,60.178829193115234,,60.195804595947266,,,,
14,829,,,,,,,1.7316393852233887,,1.0393000841140747,,60.735076904296875,,60.75239181518555,,,,
14,839,,,,,,,1.7930047512054443,,1.0461900234222412,,61.249752044677734,,61.26768112182617,,,,
14,849,,,,,,,1.6971819400787354,,1.089954137802124,,59.825523376464844,,59.84249496459961,,,,
14,859,,,,,,,1.8024009466171265,,0.9999572038650513,,59.87153625488281,,59.88956069946289,,,,
14,869,,,,,,,1.8043802976608276,,1.0805943012237549,,59.812808990478516,,59.83085250854492,,,,
14,869,,,,,,,,,,,,,,1.7543766498565674,0.9725553393363953,61.56698226928711,61.56698226928711
14,869,,,,,,1.7502895593643188,,1.1329753398895264,,61.21085739135742,,61.2283821105957,,,,,
15,879,,,,,,,1.7605681419372559,,1.1383789777755737,,61.27340316772461,,61.29100799560547,,,,
15,889,,,,,,,1.8483233451843262,,1.508228063583374,,64.83485412597656,,64.85334014892578,,,,
15,899,,,,,,,1.8216185569763184,,1.071058750152588,,60.897098541259766,,60.915313720703125,,,,
15,909,,,,,,,1.7950029373168945,,1.0607218742370605,,58.531105041503906,,58.54905319213867,,,,
15,919,,,,,,,1.806305170059204,,1.0897926092147827,,61.50334167480469,,61.52140426635742,,,,
15,927,,,,,,,,,,,,,,1.7706339359283447,0.972283124923706,61.42782211303711,61.42782211303711
15,927,,,,,,1.800573706626892,,1.1422507762908936,,61.293758392333984,,61.311763763427734,,,,,
16,929,,,,,,,1.798123836517334,,0.9658487439155579,,58.59046173095703,,58.60844421386719,,,,
16,939,,,,,,,1.8604217767715454,,1.222038984298706,,62.385833740234375,,62.40443801879883,,,,
16,949,,,,,,,1.7906228303909302,,0.9169268608093262,,57.75466537475586,,57.7725715637207,,,,
16,959,,,,,,,1.8392109870910645,,1.1519664525985718,,61.227867126464844,,61.24625778198242,,,,
16,969,,,,,,,1.8583858013153076,,1.250974416732788,,59.56229782104492,,59.58088302612305,,,,
16,979,,,,,,,1.8832318782806396,,1.3154945373535156,,63.56645965576172,,63.58529281616211,,,,
16,985,,,,,,,,,,,,,,1.782811164855957,0.9687700867652893,61.14051818847656,61.14051818847656
16,985,,,,,,1.8390491008758545,,1.142694115638733,,61.10969924926758,,61.12808609008789,,,,,
17,989,,,,,,,1.8973503112792969,,1.1989010572433472,,61.89362335205078,,61.91259765625,,,,
17,999,,,,,,,1.8530101776123047,,1.2106506824493408,,60.6934700012207,,60.71200180053711,,,,
17,1009,,,,,,,1.8544669151306152,,1.1323277950286865,,60.79981994628906,,60.818363189697266,,,,
17,1019,,,,,,,1.8493040800094604,,1.0232776403427124,,59.69036102294922,,59.70885467529297,,,,
17,1029,,,,,,,1.9218212366104126,,1.179437518119812,,61.490699768066406,,61.509918212890625,,,,
17,1039,,,,,,,1.9097301959991455,,1.0774612426757812,,61.253536224365234,,61.27263259887695,,,,
17,1043,,,,,,,,,,,,,,1.8455700874328613,0.9680507183074951,61.41607666015625,61.41607666015625
17,1043,,,,,,1.8858460187911987,,1.1486626863479614,,61.084739685058594,,61.10360336303711,,,,,
18,1049,,,,,,,1.8979482650756836,,0.9885030388832092,,58.712955474853516,,58.73193359375,,,,
18,1059,,,,,,,1.9265904426574707,,1.1550782918930054,,61.836036682128906,,61.85530090332031,,,,
18,1069,,,,,,,1.9388148784637451,,1.1845872402191162,,59.19675064086914,,59.21613693237305,,,,
18,1079,,,,,,,1.9472925662994385,,1.3353543281555176,,62.549434661865234,,62.56890869140625,,,,
18,1089,,,,,,,1.9093656539916992,,1.2781997919082642,,62.1504020690918,,62.16949462890625,,,,
18,1099,,,,,,,1.9849326610565186,,1.3744255304336548,,61.64289855957031,,61.66274642944336,,,,
18,1101,,,,,,,,,,,,,,1.8672935962677002,0.9656435251235962,61.45488739013672,61.45488739013672
18,1101,,,,,,1.9373775720596313,,1.1524375677108765,,61.06206512451172,,61.08142852783203,,,,,
19,1109,,,,,,,1.9614741802215576,,0.992347002029419,,59.040592193603516,,59.06020736694336,,,,
19,1119,,,,,,,1.9971389770507812,,1.2347989082336426,,62.548274993896484,,62.56824493408203,,,,
19,1129,,,,,,,1.984787940979004,,1.1896494626998901,,61.42629623413086,,61.446144104003906,,,,
19,1139,,,,,,,1.9859906435012817,,1.118869662284851,,60.105098724365234,,60.12495803833008,,,,
19,1149,,,,,,,2.044233798980713,,1.235465168952942,,61.2783203125,,61.298763275146484,,,,
19,1159,,,,,,,2.0137314796447754,,1.1882787942886353,,61.96161651611328,,61.981754302978516,,,,
19,1159,,,,,,,,,,,,,,1.8967565298080444,0.9647194147109985,61.484920501708984,61.484920501708984
19,1159,,,,,,1.9930673837661743,,1.1572426557540894,,61.0452880859375,,61.06522750854492,,,,,
20,1160,0.10908617824316025,3.5286617279052734,0.031616948544979095,0.8400086760520935,0.8400086760520935,,,,,,,,,,,,
