epoch,step,test/circuit,test/contrastive,test/graph,test/reconstruction,test/total,train/kl_epoch,train/kl_step,train/mse_diag_epoch,train/mse_diag_step,train/nll_epoch,train/nll_step,train/total_epoch,train/total_step,val/mse_diag,val/nll,val/total
0,9,,,,,,,0.017659645527601242,,1.4647362232208252,,71.5460205078125,,71.54603576660156,,,
0,19,,,,,,,0.017398817464709282,,1.414180040359497,,68.40396118164062,,68.40397644042969,,,
0,29,,,,,,,0.02962804026901722,,1.3995877504348755,,68.05899047851562,,68.05902099609375,,,
0,39,,,,,,,0.05511085316538811,,1.3290462493896484,,68.39704895019531,,68.39710235595703,,,
0,49,,,,,,,0.24215777218341827,,1.336475133895874,,68.0517349243164,,68.0519790649414,,,
0,57,,,,,,,,,,,,,,1.0160746574401855,63.82232666015625,63.82232666015625
0,57,,,,,,0.08948919177055359,,1.3449432849884033,,68.26908874511719,,68.26920318603516,,,,
1,59,,,,,,,0.48003947734832764,,1.3632313013076782,,69.40880584716797,,69.4097671508789,,,
1,69,,,,,,,0.7031600475311279,,1.0072308778762817,,63.572418212890625,,63.57382583618164,,,
1,79,,,,,,,0.8710111379623413,,1.1819586753845215,,66.45230102539062,,66.45404052734375,,,
1,89,,,,,,,0.9826030731201172,,1.1233686208724976,,64.13924407958984,,64.1412124633789,,,
1,99,,,,,,,1.0772120952606201,,1.1130543947219849,,64.59453582763672,,64.59668731689453,,,
1,109,,,,,,,1.1626478433609009,,1.0672218799591064,,62.65203857421875,,62.65436553955078,,,
1,115,,,,,,,,,,,,,,1.0158987045288086,63.086029052734375,63.086029052734375
1,115,,,,,,0.9171768426895142,,1.1335097551345825,,64.87802124023438,,64.87984466552734,,,,
2,119,,,,,,,1.252770185470581,,1.3074164390563965,,66.29298400878906,,66.29674530029297,,,
2,129,,,,,,,1.3049449920654297,,1.1392338275909424,,64.37065124511719,,64.37456512451172,,,
2,139,,,,,,,1.3501346111297607,,1.0728634595870972,,62.87177276611328,,62.875823974609375,,,
2,149,,,,,,,1.381523609161377,,0.9857231974601746,,62.90359878540039,,62.90774154663086,,,
2,159,,,,,,,1.4172025918960571,,1.0051460266113281,,63.392852783203125,,63.3971061706543,,,
2,169,,,,,,,1.48366379737854,,1.2706459760665894,,65.32640075683594,,65.33084869384766,,,
2,173,,,,,,,,,,,,,,1.0109221935272217,62.98765182495117,62.98765182495117
2,173,,,,,,1.371886134147644,,1.1204932928085327,,64.06694030761719,,64.07106018066406,,,,
3,179,,,,,,,1.4911530017852783,,1.242644190788269,,64.09532165527344,,64.10128784179688,,,
3,189,,,,,,,1.5018301010131836,,1.1560261249542236,,64.9491958618164,,64.9552001953125,,,
3,199,,,,,,,1.5247619152069092,,1.1791727542877197,,65.34423065185547,,65.35032653808594,,,
3,209,,,,,,,1.531139850616455,,1.132291316986084,,64.15736389160156,,64.16349029541016,,,
3,219,,,,,,,1.5304147005081177,,1.2523741722106934,,64.43983459472656,,64.44595336914062,,,
3,229,,,,,,,1.5265729427337646,,0.9425323605537415,,61.542354583740234,,61.5484619140625,,,
3,231,,,,,,,,,,,,,,1.0017648935317993,62.837745666503906,62.837745666503906
3,231,,,,,,1.5126558542251587,,1.1206713914871216,,63.90436553955078,,63.910430908203125,,,,
4,239,,,,,,,1.549010992050171,,1.1007108688354492,,63.119239807128906,,63.126983642578125,,,
4,249,,,,,,,1.5437246561050415,,1.1774446964263916,,63.9691276550293,,63.976844787597656,,,
4,259,,,,,,,1.5512464046478271,,1.0949848890304565,,64.58436584472656,,64.59212493896484,,,
4,269,,,,,,,1.538635015487671,,1.0423632860183716,,64.03144836425781,,64.03913879394531,,,
4,279,,,,,,,1.5427658557891846,,1.2804491519927979,,65.78678131103516,,65.79449462890625,,,
4,289,,,,,,,1.562394380569458,,1.2085140943527222,,64.38497924804688,,64.39279174804688,,,
4,289,,,,,,,,,,,,,,0.9953806400299072,62.73257827758789,62.73257827758789
4,289,,,,,,1.5425095558166504,,1.1196004152297974,,63.750892639160156,,63.75859069824219,,,,
5,299,,,,,,,1.5739972591400146,,1.2658162117004395,,66.19554138183594,,66.20498657226562,,,
5,309,,,,,,,1.5482532978057861,,1.0829516649246216,,63.19180679321289,,63.20109558105469,,,
5,319,,,,,,,1.5412487983703613,,1.1522504091262817,,64.94950103759766,,64.95874786376953,,,
5,329,,,,,,,1.520544171333313,,1.0177510976791382,,63.744361877441406,,63.75348663330078,,,
5,339,,,,,,,1.5461649894714355,,1.0081167221069336,,63.02156066894531,,63.03083801269531,,,
5,347,,,,,,,,,,,,,,0.9852750301361084,62.66020202636719,62.66020202636719
5,347,,,,,,1.5518749952316284,,1.1187057495117188,,63.64930725097656,,63.65861511230469,,,,
6,349,,,,,,,1.5483205318450928,,0.9979574084281921,,61.00441360473633,,61.01525115966797,,,
6,359,,,,,,,1.5275020599365234,,1.559698224067688,,67.41685485839844,,67.42754364013672,,,
6,369,,,,,,,1.5827709436416626,,1.329201579093933,,65.12007141113281,,65.13114929199219,,,
6,379,,,,,,,1.5526788234710693,,1.0203101634979248,,63.50570297241211,,63.516571044921875,,,
6,389,,,,,,,1.5587611198425293,,0.9541314244270325,,61.708003997802734,,61.71891403198242,,,
6,399,,,,,,,1.5838375091552734,,1.1212329864501953,,63.90485382080078,,63.91593933105469,,,
6,405,,,,,,,,,,,,,,0.9861142039299011,62.90565872192383,62.90565872192383
6,405,,,,,,1.564950704574585,,1.1221425533294678,,63.475833892822266,,63.486793518066406,,,,
7,409,,,,,,,1.5574723482131958,,1.0396078824996948,,62.610511779785156,,62.62297058105469,,,
7,419,,,,,,,1.612290382385254,,1.227574110031128,,65.06504821777344,,65.07794952392578,,,
7,429,,,,,,,1.6347590684890747,,1.1092219352722168,,62.44050598144531,,62.453582763671875,,,
7,439,,,,,,,1.6316134929656982,,1.116987705230713,,63.32207107543945,,63.33512496948242,,,
7,449,,,,,,,1.592121958732605,,1.0875424146652222,,62.550384521484375,,62.5631217956543,,,
7,459,,,,,,,1.5851187705993652,,1.0869286060333252,,62.013065338134766,,62.0257453918457,,,
7,463,,,,,,,,,,,,,,0.9890024662017822,63.22821044921875,63.22821044921875
7,463,,,,,,1.5993952751159668,,1.1322427988052368,,63.42768478393555,,63.44047927856445,,,,
8,469,,,,,,,1.6327083110809326,,1.4896646738052368,,66.62508392333984,,66.63977813720703,,,
8,479,,,,,,,1.6322729587554932,,1.0890746116638184,,61.81380844116211,,61.82849884033203,,,
8,489,,,,,,,1.6280794143676758,,1.4282182455062866,,66.39537048339844,,66.41002655029297,,,
8,499,,,,,,,1.6034754514694214,,1.0474498271942139,,61.84943389892578,,61.86386489868164,,,
8,509,,,,,,,1.632842779159546,,1.032485008239746,,62.59355545043945,,62.60824966430664,,,
8,519,,,,,,,1.6259628534317017,,1.0852670669555664,,62.2032356262207,,62.21786880493164,,,
8,521,,,,,,,,,,,,,,0.9883261919021606,63.12849044799805,63.12849044799805
8,521,,,,,,1.6230344772338867,,1.1330552101135254,,63.177459716796875,,63.19207000732422,,,,
9,529,,,,,,,1.5956406593322754,,1.096930742263794,,62.97801971435547,,62.99397659301758,,,
9,539,,,,,,,1.6709481477737427,,1.1033540964126587,,64.1465835571289,,64.16329193115234,,,
9,549,,,,,,,1.6128838062286377,,1.201769232749939,,64.05815124511719,,64.07427978515625,,,
9,559,,,,,,,1.5748693943023682,,1.1045656204223633,,63.74661636352539,,63.76236343383789,,,
9,569,,,,,,,1.6746318340301514,,1.1968930959701538,,64.03036499023438,,64.04711151123047,,,
9,579,,,,,,,1.6591575145721436,,1.0779621601104736,,62.23818588256836,,62.25477600097656,,,
9,579,,,,,,,,,,,,,,0.986676037311554,63.66228103637695,63.66228103637695
9,579,,,,,,1.6331731081008911,,1.1416819095611572,,63.168426513671875,,63.18476867675781,,,,
10,589,,,,,,,1.6449830532073975,,1.4179108142852783,,64.2876968383789,,64.30414581298828,,,
10,599,,,,,,,1.6574376821517944,,0.984254777431488,,60.77605438232422,,60.79262924194336,,,
10,609,,,,,,,1.6949412822723389,,1.2422261238098145,,63.80034637451172,,63.81729507446289,,,
10,619,,,,,,,1.6204204559326172,,1.1156941652297974,,62.48732376098633,,62.5035285949707,,,
10,629,,,,,,,1.6313707828521729,,1.0238748788833618,,61.346275329589844,,61.36259078979492,,,
10,637,,,,,,,,,,,,,,0.9848663806915283,63.32918930053711,63.32918930053711
10,637,,,,,,1.6516872644424438,,1.1481212377548218,,63.03634262084961,,63.052852630615234,,,,
11,639,,,,,,,1.6331787109375,,1.0935558080673218,,61.678375244140625,,61.694705963134766,,,
11,649,,,,,,,1.6409542560577393,,0.9453215003013611,,60.46624755859375,,60.48265838623047,,,
11,659,,,,,,,1.658638596534729,,1.112126350402832,,61.67755126953125,,61.69413757324219,,,
11,669,,,,,,,1.6686477661132812,,1.1340761184692383,,63.850372314453125,,63.86705780029297,,,
11,679,,,,,,,1.7436957359313965,,1.045890212059021,,60.591949462890625,,60.6093864440918,,,
11,689,,,,,,,1.717032790184021,,1.026956558227539,,61.6638298034668,,61.680999755859375,,,
11,695,,,,,,,,,,,,,,0.9835274815559387,63.29533767700195,63.29533767700195
11,695,,,,,,1.6814546585083008,,1.1552248001098633,,62.87638854980469,,62.893211364746094,,,,
12,699,,,,,,,1.7076804637908936,,0.9972288608551025,,60.80352783203125,,60.82060623168945,,,
12,709,,,,,,,1.7264208793640137,,1.2248177528381348,,62.61626434326172,,62.63352966308594,,,
12,719,,,,,,,1.6351133584976196,,1.2387473583221436,,63.3909797668457,,63.40732955932617,,,
12,729,,,,,,,1.7498703002929688,,1.0610772371292114,,62.504661560058594,,62.522159576416016,,,
12,739,,,,,,,1.7300291061401367,,1.1483052968978882,,63.088016510009766,,63.105316162109375,,,
12,749,,,,,,,1.728360891342163,,0.9736558794975281,,60.311424255371094,,60.32870864868164,,,
12,753,,,,,,,,,,,,,,0.9821397662162781,63.12226867675781,63.12226867675781
12,753,,,,,,1.7304916381835938,,1.1599045991897583,,62.7588996887207,,62.776206970214844,,,,
13,759,,,,,,,1.7718068361282349,,1.0609387159347534,,62.38644790649414,,62.40416717529297,,,
13,769,,,,,,,1.7925245761871338,,1.260148525238037,,63.93547821044922,,63.95340347290039,,,
13,779,,,,,,,1.764843225479126,,1.1955409049987793,,64.0418701171875,,64.05951690673828,,,
13,789,,,,,,,1.790841817855835,,1.130961298942566,,61.49782943725586,,61.51573944091797,,,
13,799,,,,,,,1.7880059480667114,,1.1796172857284546,,63.68535614013672,,63.7032356262207,,,
13,809,,,,,,,1.8115873336791992,,1.1663864850997925,,62.75933074951172,,62.77744674682617,,,
13,811,,,,,,,,,,,,,,0.9821745157241821,63.78070068359375,63.78070068359375
13,811,,,,,,1.7896069288253784,,1.1682488918304443,,62.66239929199219,,62.68029022216797,,,,
14,819,,,,,,,1.8169503211975098,,1.1114858388900757,,61.563846588134766,,61.58201599121094,,,
14,829,,,,,,,1.8591254949569702,,1.0693901777267456,,61.796363830566406,,61.81495666503906,,,
14,839,,,,,,,1.856607437133789,,1.0881385803222656,,62.479713439941406,,62.4982795715332,,,
14,849,,,,,,,1.8397395610809326,,1.147364616394043,,61.06120300292969,,61.0796012878418,,,
14,859,,,,,,,1.9079670906066895,,1.0341758728027344,,61.05777359008789,,61.07685470581055,,,
14,869,,,,,,,1.9367092847824097,,1.1375246047973633,,61.111968994140625,,61.1313362121582,,,
14,869,,,,,,,,,,,,,,0.9811711311340332,63.48477554321289,63.48477554321289
14,869,,,,,,1.8569848537445068,,1.174243450164795,,62.58244705200195,,62.60102081298828,,,,
15,879,,,,,,,1.9008721113204956,,1.1768624782562256,,62.521732330322266,,62.540740966796875,,,
15,889,,,,,,,1.9591646194458008,,1.5760912895202637,,66.27214050292969,,66.29173278808594,,,
15,899,,,,,,,1.8797318935394287,,1.1125870943069458,,62.0132942199707,,62.0320930480957,,,
15,909,,,,,,,1.932854413986206,,1.101293683052063,,59.87224578857422,,59.89157485961914,,,
15,919,,,,,,,1.9744055271148682,,1.1262502670288086,,62.668331146240234,,62.68807601928711,,,
15,927,,,,,,,,,,,,,,0.9742110371589661,63.45915985107422,63.45915985107422
15,927,,,,,,1.923040509223938,,1.1859679222106934,,62.62411880493164,,62.64336013793945,,,,
16,929,,,,,,,1.9229202270507812,,1.0008560419082642,,59.90668487548828,,59.9259147644043,,,
16,939,,,,,,,1.953222393989563,,1.2591986656188965,,63.7564811706543,,63.7760124206543,,,
16,949,,,,,,,1.9292945861816406,,0.9678571224212646,,58.87677001953125,,58.89606475830078,,,
16,959,,,,,,,2.0085504055023193,,1.199283242225647,,62.445701599121094,,62.46578598022461,,,
16,969,,,,,,,2.0098493099212646,,1.299784779548645,,61.30879211425781,,61.32889175415039,,,
16,979,,,,,,,1.9658098220825195,,1.3710415363311768,,64.94264221191406,,64.9623031616211,,,
16,985,,,,,,,,,,,,,,0.9695964455604553,63.31201171875,63.31201171875
16,985,,,,,,1.9833929538726807,,1.1881214380264282,,62.420108795166016,,62.439937591552734,,,,
17,989,,,,,,,2.0570545196533203,,1.2462645769119263,,63.132171630859375,,63.152740478515625,,,
17,999,,,,,,,1.990736961364746,,1.2560182809829712,,62.16556167602539,,62.18547058105469,,,
17,1009,,,,,,,2.027395725250244,,1.172005295753479,,61.888614654541016,,61.90888977050781,,,
17,1019,,,,,,,2.060375690460205,,1.0633394718170166,,60.8683967590332,,60.888999938964844,,,
17,1029,,,,,,,2.0730419158935547,,1.2266442775726318,,62.71883010864258,,62.739559173583984,,,
17,1039,,,,,,,2.0836894512176514,,1.1179606914520264,,62.4058723449707,,62.42670822143555,,,
17,1043,,,,,,,,,,,,,,0.9701064229011536,63.47562789916992,63.47562789916992
17,1043,,,,,,2.041240930557251,,1.1946533918380737,,62.37294006347656,,62.39335632324219,,,,
18,1049,,,,,,,2.110828399658203,,1.0310155153274536,,59.8736457824707,,59.894752502441406,,,
18,1059,,,,,,,2.0448930263519287,,1.1968883275985718,,63.027339935302734,,63.04779052734375,,,
18,1069,,,,,,,2.0614066123962402,,1.2419604063034058,,60.55715560913086,,60.5777702331543,,,
18,1079,,,,,,,2.137714385986328,,1.398615837097168,,63.749149322509766,,63.77052688598633,,,
18,1089,,,,,,,2.0994558334350586,,1.3363312482833862,,63.54047775268555,,63.56147384643555,,,
18,1099,,,,,,,2.136403799057007,,1.4343324899673462,,63.0015983581543,,63.0229606628418,,,
18,1101,,,,,,,,,,,,,,0.9679127335548401,63.810035705566406,63.810035705566406
18,1101,,,,,,2.095548629760742,,1.2019044160842896,,62.34510803222656,,62.36606216430664,,,,
19,1109,,,,,,,2.146162509918213,,1.0460686683654785,,60.266807556152344,,60.28826904296875,,,
19,1119,,,,,,,2.174379587173462,,1.294309377670288,,63.84243392944336,,63.86417770385742,,,
19,1129,,,,,,,2.143543004989624,,1.2486635446548462,,62.62086868286133,,62.642303466796875,,,
19,1139,,,,,,,2.1386523246765137,,1.1746339797973633,,61.47868728637695,,61.50007247924805,,,
19,1149,,,,,,,2.200807571411133,,1.2987995147705078,,62.640281677246094,,62.662288665771484,,,
19,1159,,,,,,,2.2073347568511963,,1.2547812461853027,,63.27199172973633,,63.294063568115234,,,
19,1159,,,,,,,,,,,,,,0.9661661386489868,63.33039093017578,63.33039093017578
19,1159,,,,,,2.152092218399048,,1.2075809240341187,,62.3016357421875,,62.32313537597656,,,,
20,1160,0.11880691349506378,3.5057601928710938,0.0321173258125782,0.8495969772338867,0.8495969772338867,,,,,,,,,,,
