epoch,step,test/circuit,test/contrastive,test/graph,test/reconstruction,test/total,train/circuit_epoch,train/circuit_step,train/contrastive_epoch,train/contrastive_step,train/graph_epoch,train/graph_step,train/reconstruction_epoch,train/reconstruction_step,train/total_epoch,train/total_step,val/circuit,val/contrastive,val/graph,val/reconstruction,val/total
0,9,,,,,,,0.020333999767899513,,4.655245304107666,,0.03133714571595192,,1.126322865486145,,1.126322865486145,,,,,
0,19,,,,,,,0.003687222022563219,,3.924762725830078,,0.03089163638651371,,1.0404942035675049,,1.0404942035675049,,,,,
0,29,,,,,,,0.002394917653873563,,3.8796873092651367,,0.03969179838895798,,1.0234479904174805,,1.0234479904174805,,,,,
0,39,,,,,,,0.0015848439652472734,,3.4975152015686035,,0.030573362484574318,,1.0350596904754639,,1.0350596904754639,,,,,
0,49,,,,,,,0.0012349593453109264,,3.8933138847351074,,0.033883221447467804,,1.119281530380249,,1.119281530380249,,,,,
0,57,,,,,,,,,,,,,,,,0.00044963372056372464,3.7422680854797363,0.02410721778869629,0.8306392431259155,0.8306392431259155
0,57,,,,,,0.009407898411154747,,3.977116584777832,,0.03132270276546478,,1.034833550453186,,1.034833550453186,,,,,,
1,59,,,,,,,0.0009331339388154447,,3.7323737144470215,,0.03458712249994278,,1.2026515007019043,,1.2026515007019043,,,,,
1,69,,,,,,,0.001050962251611054,,3.848198413848877,,0.027907581999897957,,0.8920790553092957,,0.8920790553092957,,,,,
1,79,,,,,,,0.0010805819183588028,,3.898394823074341,,0.03389107063412666,,1.0701167583465576,,1.0701167583465576,,,,,
1,89,,,,,,,0.001489711576141417,,3.712573766708374,,0.02983945980668068,,1.0049020051956177,,1.0049020051956177,,,,,
1,99,,,,,,,0.0010183884296566248,,3.728443145751953,,0.030507709830999374,,1.0047428607940674,,1.0047428607940674,,,,,
1,109,,,,,,,0.0027229473926126957,,3.725064992904663,,0.03246835246682167,,0.9386146068572998,,0.9386146068572998,,,,,
1,115,,,,,,,,,,,,,,,,0.00045060281991027296,3.6889307498931885,0.024106565862894058,0.8280265927314758,0.8280265927314758
1,115,,,,,,0.0015548429219052196,,3.8123362064361572,,0.03132960572838783,,1.0117204189300537,,1.0117204189300537,,,,,,
2,119,,,,,,,0.0033187291119247675,,3.6324596405029297,,0.03524700179696083,,1.1714199781417847,,1.1714199781417847,,,,,
2,129,,,,,,,0.00090503302635625,,3.8646435737609863,,0.029032668098807335,,1.0293328762054443,,1.0293328762054443,,,,,
2,139,,,,,,,0.0006772785563953221,,3.8061399459838867,,0.029055237770080566,,0.9599562287330627,,0.9599562287330627,,,,,
2,149,,,,,,,0.0011383664095774293,,3.859257698059082,,0.026675567030906677,,0.8911839127540588,,0.8911839127540588,,,,,
2,159,,,,,,,0.0013092156732454896,,3.7689266204833984,,0.03104490041732788,,0.9056882858276367,,0.9056882858276367,,,,,
2,169,,,,,,,0.0015828820178285241,,3.623669147491455,,0.03490101546049118,,1.1354024410247803,,1.1354024410247803,,,,,
2,173,,,,,,,,,,,,,,,,0.0004857429885305464,3.669591188430786,0.024107636883854866,0.8274439573287964,0.8274439573287964
2,173,,,,,,0.0021211784332990646,,3.777493476867676,,0.031245993450284004,,1.0072435140609741,,1.0072435140609741,,,,,,
3,179,,,,,,,0.004284600727260113,,3.869222640991211,,0.032007746398448944,,1.1099904775619507,,1.1099904775619507,,,,,
3,189,,,,,,,0.001898304559290409,,3.8279669284820557,,0.0312570221722126,,1.0424985885620117,,1.0424985885620117,,,,,
3,199,,,,,,,0.004669432993978262,,3.976947784423828,,0.03361442685127258,,1.058632254600525,,1.058632254600525,,,,,
3,209,,,,,,,0.0034919169265776873,,3.9704771041870117,,0.027709029614925385,,1.0226750373840332,,1.0226750373840332,,,,,
3,219,,,,,,,0.006252824794501066,,3.791945695877075,,0.035767439752817154,,1.1002405881881714,,1.1002405881881714,,,,,
3,229,,,,,,,0.0019489291589707136,,3.6873207092285156,,0.023176593706011772,,0.8439348936080933,,0.8439348936080933,,,,,
3,231,,,,,,,,,,,,,,,,0.0010703090811148286,3.6240992546081543,0.02411220408976078,0.8245338201522827,0.8245338201522827
3,231,,,,,,0.0036671417765319347,,3.8725602626800537,,0.03136153891682625,,1.0037343502044678,,1.0037343502044678,,,,,,
4,239,,,,,,,0.004401859361678362,,3.8503735065460205,,0.03132453188300133,,0.976017415523529,,0.976017415523529,,,,,
4,249,,,,,,,0.007201578002423048,,4.082711696624756,,0.034345414489507675,,1.0556648969650269,,1.0556648969650269,,,,,
4,259,,,,,,,0.002714776899665594,,3.7142419815063477,,0.03167881444096565,,0.9900278449058533,,0.9900278449058533,,,,,
4,269,,,,,,,0.0037363499868661165,,3.6736409664154053,,0.030716901645064354,,0.9383128881454468,,0.9383128881454468,,,,,
4,279,,,,,,,0.006842452101409435,,3.5976924896240234,,0.03532305359840393,,1.1422280073165894,,1.1422280073165894,,,,,
4,289,,,,,,,0.012874924577772617,,3.686218023300171,,0.03841285780072212,,1.0708811283111572,,1.0708811283111572,,,,,
4,289,,,,,,,,,,,,,,,,0.001730720279738307,3.5061843395233154,0.024486033245921135,0.8232681751251221,0.8232681751251221
4,289,,,,,,0.005153672769665718,,3.777494430541992,,0.03141813352704048,,0.9991632699966431,,0.9991632699966431,,,,,,
5,299,,,,,,,0.005422478541731834,,3.616572380065918,,0.03491941839456558,,1.1285022497177124,,1.1285022497177124,,,,,
5,309,,,,,,,0.004830613732337952,,3.701584815979004,,0.03005996346473694,,0.9678744673728943,,0.9678744673728943,,,,,
5,319,,,,,,,0.00781957246363163,,3.6238813400268555,,0.035175446420907974,,1.037179708480835,,1.037179708480835,,,,,
5,329,,,,,,,0.004435556475073099,,3.687563419342041,,0.030593205243349075,,0.9193679690361023,,0.9193679690361023,,,,,
5,339,,,,,,,0.005052435211837292,,3.632617473602295,,0.028499463573098183,,0.8957716822624207,,0.8957716822624207,,,,,
5,347,,,,,,,,,,,,,,,,0.0018076851265504956,3.4229588508605957,0.024677202105522156,0.8216753005981445,0.8216753005981445
5,347,,,,,,0.006900109816342592,,3.625668525695801,,0.03168965131044388,,0.9960020780563354,,0.9960020780563354,,,,,,
6,349,,,,,,,0.009081373922526836,,3.528054714202881,,0.028206469491124153,,0.8849806189537048,,0.8849806189537048,,,,,
6,359,,,,,,,0.016653606668114662,,3.511645793914795,,0.0492672435939312,,1.3657846450805664,,1.3657846450805664,,,,,
6,369,,,,,,,0.0046421242877841,,3.55977725982666,,0.03850378096103668,,1.1935428380966187,,1.1935428380966187,,,,,
6,379,,,,,,,0.004461389034986496,,3.6108651161193848,,0.030932914465665817,,0.9178511500358582,,0.9178511500358582,,,,,
6,389,,,,,,,0.005291881505399942,,3.668793201446533,,0.028095005080103874,,0.8474695682525635,,0.8474695682525635,,,,,
6,399,,,,,,,0.006891679018735886,,3.6779580116271973,,0.0344931036233902,,0.994913637638092,,0.994913637638092,,,,,
6,405,,,,,,,,,,,,,,,,0.002322633285075426,3.420684337615967,0.02481895685195923,0.8204100728034973,0.8204100728034973
6,405,,,,,,0.007692199200391769,,3.5790205001831055,,0.03190751001238823,,0.9950939416885376,,0.9950939416885376,,,,,,
7,409,,,,,,,0.005246560089290142,,3.539337635040283,,0.03035139851272106,,0.9171115159988403,,0.9171115159988403,,,,,
7,419,,,,,,,0.00629385793581605,,3.575383424758911,,0.03290097415447235,,1.0811235904693604,,1.0811235904693604,,,,,
7,429,,,,,,,0.008560704067349434,,3.5439505577087402,,0.03062802366912365,,0.9673623442649841,,0.9673623442649841,,,,,
7,439,,,,,,,0.011526164598762989,,3.6297943592071533,,0.029848217964172363,,0.9802751541137695,,0.9802751541137695,,,,,
7,449,,,,,,,0.013754839077591896,,3.595858573913574,,0.03655926510691643,,0.9557017683982849,,0.9557017683982849,,,,,
7,459,,,,,,,0.012195448391139507,,3.5400586128234863,,0.03262899070978165,,0.9483621716499329,,0.9483621716499329,,,,,
7,463,,,,,,,,,,,,,,,,0.0023773033171892166,3.4035561084747314,0.0249012503772974,0.8201836347579956,0.8201836347579956
7,463,,,,,,0.00935441069304943,,3.571489095687866,,0.03207867220044136,,0.9945389032363892,,0.9945389032363892,,,,,,
8,469,,,,,,,0.01801024004817009,,3.5467658042907715,,0.03951672092080116,,1.2967016696929932,,1.2967016696929932,,,,,
8,479,,,,,,,0.006246836390346289,,3.5291531085968018,,0.030803412199020386,,0.9406528472900391,,0.9406528472900391,,,,,
8,489,,,,,,,0.019985133782029152,,3.6154022216796875,,0.04279911518096924,,1.2438318729400635,,1.2438318729400635,,,,,
8,499,,,,,,,0.010667698457837105,,3.5809273719787598,,0.033495038747787476,,0.9155056476593018,,0.9155056476593018,,,,,
8,509,,,,,,,0.006729654502123594,,3.4904351234436035,,0.027689538896083832,,0.9019652009010315,,0.9019652009010315,,,,,
8,519,,,,,,,0.010665389709174633,,3.541670560836792,,0.032760877162218094,,0.9482648372650146,,0.9482648372650146,,,,,
8,521,,,,,,,,,,,,,,,,0.0034598803613334894,3.4155068397521973,0.025050321593880653,0.8196249008178711,0.8196249008178711
8,521,,,,,,0.0104434909299016,,3.5811336040496826,,0.03189520537853241,,0.9883272051811218,,0.9883272051811218,,,,,,
9,529,,,,,,,0.01350695826113224,,3.508248805999756,,0.034270741045475006,,0.9554187059402466,,0.9554187059402466,,,,,
9,539,,,,,,,0.006820578593760729,,3.5679054260253906,,0.030075179412961006,,0.960749089717865,,0.960749089717865,,,,,
9,549,,,,,,,0.014433224685490131,,3.6379823684692383,,0.03250226378440857,,1.0417490005493164,,1.0417490005493164,,,,,
9,559,,,,,,,0.010995473712682724,,3.735382080078125,,0.03716414421796799,,0.9618691205978394,,0.9618691205978394,,,,,
9,569,,,,,,,0.010543590411543846,,3.603518486022949,,0.03078026883304119,,1.0339112281799316,,1.0339112281799316,,,,,
9,579,,,,,,,0.01585994102060795,,3.7391605377197266,,0.03345649316906929,,0.9273462891578674,,0.9273462891578674,,,,,
9,579,,,,,,,,,,,,,,,,0.0031628471333533525,3.4371533393859863,0.02513044886291027,0.8193517923355103,0.8193517923355103
9,579,,,,,,0.01198812946677208,,3.611649513244629,,0.03224647417664528,,0.988380491733551,,0.988380491733551,,,,,,
10,580,0.0033474601805210114,3.4647936820983887,0.0322788842022419,0.661070704460144,0.661070704460144,,,,,,,,,,,,,,,
