epoch,step,test/circuit,test/contrastive,test/graph,test/reconstruction,test/total,train/circuit_epoch,train/circuit_step,train/contrastive_epoch,train/contrastive_step,train/graph_epoch,train/graph_step,train/kl_epoch,train/kl_step,train/reconstruction_epoch,train/reconstruction_step,train/total_epoch,train/total_step,train/var_epoch,train/var_step,val/circuit,val/contrastive,val/graph,val/kl,val/reconstruction,val/total,val/total_incl,val/var
19,1109,,,,,,,0.3948684334754944,,4.769509792327881,,0.027070177718997,,0.6805082559585571,,1.3905149698257446,,1.5048234462738037,,0.10750345885753632,,,,,,,,
19,1119,,,,,,,0.29566067457199097,,4.7673540115356445,,0.0331236869096756,,0.5397167205810547,,1.5300331115722656,,1.8729090690612793,,0.33747878670692444,,,,,,,,
19,1129,,,,,,,0.37384989857673645,,5.006412029266357,,0.03210035711526871,,0.47162845730781555,,1.411077857017517,,1.5759954452514648,,0.16020125150680542,,,,,,,,
19,1139,,,,,,,0.2710046172142029,,5.064748764038086,,0.04180629923939705,,0.3959161937236786,,1.7262009382247925,,2.2200143337249756,,0.48985427618026733,,,,,,,,
19,1149,,,,,,,0.33647167682647705,,4.928030490875244,,0.032565731555223465,,0.35261330008506775,,1.4808343648910522,,1.721935749053955,,0.23757532238960266,,,,,,,,
19,1159,,,,,,,0.2965717911720276,,4.9377241134643555,,0.027856701985001564,,0.36398690938949585,,1.218069314956665,,1.4906837940216064,,0.2689746022224426,,,,,,,,
19,1159,,,,,,,,,,,,,,,,,,,,0.5861097574234009,4.573001861572266,0.024133721366524696,0.2563619613647461,1.5052345991134644,1.5052345991134644,1.8668828010559082,0.35908472537994385
19,1159,,,,,,0.35373812913894653,,4.958302021026611,,0.03140087425708771,,0.44696423411369324,,1.4282680749893188,,1.6953628063201904,,0.2626248598098755,,,,,,,,,
20,1160,0.03382623940706253,4.521874904632568,0.031312309205532074,0.72771155834198,0.72771155834198,,,,,,,,,,,,,,,,,,,,,,
